URL,Image
"<h1 class=""article-card-title"">
            <a href=""https://www.makeuseof.com/tag/how-to-connect-a-ps3-controller-to-your-android-phone-or-tablet/"">
              How to Connect a PS3 Controller to Your Android Phone or Tablet            </a>
          </h1>","<div class=""article-card-image-overlay"">
      <a href=""https://www.makeuseof.com/tag/how-to-connect-a-ps3-controller-to-your-android-phone-or-tablet/"">How to Connect a PS3 Controller to Your Android Phone or Tablet</a>
    </div>"
"<h1 class=""article-card-title"">
            <a href=""https://www.makeuseof.com/tag/make-money-taskrabbit-tasker/"">
              Make Money as a TaskRabbit Tasker: Here’s How It Works            </a>
          </h1>","<div class=""article-card-image-overlay"">
      <a href=""https://www.makeuseof.com/tag/make-money-taskrabbit-tasker/"">Make Money as a TaskRabbit Tasker: Here’s How It Works</a>
    </div>"
"<h1 itemprop=""headline"" class=""article-card-title"">
            <a href=""https://www.makeuseof.com/tag/apple-watch-sport-bands/"">
              10 Expensive Apple Watch Sports Bands for Cheap            </a>
          </h1>","<div class=""article-card-image-overlay"" style=""background-image: url('https://static.makeuseof.com/wp-content/uploads/2019/05/expensive-apple-watch-bands-cheap-670x335.jpg');"">
      <a href=""https://www.makeuseof.com/tag/apple-watch-sport-bands/"">10 Expensive Apple Watch Sports Bands for Cheap</a>
    </div>"
"<h1 itemprop=""headline"" class=""article-card-title"">
            <a href=""https://www.makeuseof.com/tag/dont-buy-e-reader-upcoming-technologies-kill-kindle/"">
              Don’t Buy an E-Reader! 2 Upcoming Technologies That Kill the…            </a>
          </h1>","<div class=""article-card-image-overlay"">
      <a href=""https://www.makeuseof.com/tag/dont-buy-e-reader-upcoming-technologies-kill-kindle/"">Don’t Buy an E-Reader! 2 Upcoming Technologies That Kill the Kindle</a>
    </div>"
"<h1 itemprop=""headline"" class=""article-card-title"">
            <a href=""https://www.makeuseof.com/tag/best-iptv-box/"">
              The Best IPTV Set Top Boxes in 2019            </a>
          </h1>","<div class=""article-card-image-overlay"">
      <a href=""https://www.makeuseof.com/tag/best-iptv-box/"">The Best IPTV Set Top Boxes in 2019</a>
    </div>"
"<h1 itemprop=""headline"" class=""article-card-title"">
            <a href=""https://www.makeuseof.com/tag/set-home-wireless-intercom-clever-gadgets/"">
              The 10 Best Home Wireless Intercom Systems and Devices            </a>
          </h1>","<div class=""article-card-image-overlay"">
      <a href=""https://www.makeuseof.com/tag/set-home-wireless-intercom-clever-gadgets/"">The 10 Best Home Wireless Intercom Systems and Devices</a>
    </div>"
"<h1 itemprop=""headline"" class=""article-card-title"">
            <a href=""https://www.makeuseof.com/tag/geek-gifts-programmers/"">
              The Best Geek Gifts for Programmers: 20 Ideas for Coders…            </a>
          </h1>","<div class=""article-card-image-overlay"">
      <a href=""https://www.makeuseof.com/tag/geek-gifts-programmers/"">The Best Geek Gifts for Programmers: 20 Ideas for Coders and Nerds</a>
    </div>"
"<h1 itemprop=""headline"" class=""article-card-title"">
            <a href=""https://www.makeuseof.com/tag/smart-ring-projects/"">
              8 Smart Rings With Fitness or Mouse Features            </a>
          </h1>","<div class=""article-card-image-overlay"" style=""background-image: url('https://static.makeuseof.com/wp-content/uploads/2019/05/smart-rings-670x335.jpg');"">
      <a href=""https://www.makeuseof.com/tag/smart-ring-projects/"">8 Smart Rings With Fitness or Mouse Features</a>
    </div>"
"<h1 itemprop=""headline"" class=""article-card-title"">
            <a href=""https://www.makeuseof.com/tag/best-mechanical-keyboard/"">
              The 7 Best Mechanical Keyboards of 2019            </a>
          </h1>","<div class=""article-card-image-overlay"" style=""background-image: url('https://static.makeuseof.com/wp-content/uploads/2019/05/best-mechanical-keyboards-670x335.jpg');"">
      <a href=""https://www.makeuseof.com/tag/best-mechanical-keyboard/"">The 7 Best Mechanical Keyboards of 2019</a>
    </div>"
"<h1 itemprop=""headline"" class=""article-card-title"">
            <a href=""https://www.makeuseof.com/tag/mothers-day-gift-gadgets/"">
              Need a Mother’s Day Gift? These 10 Gadgets Are Perfect Choices!            </a>
          </h1>","<div class=""article-card-image-overlay"" style=""background-image: url('https://static.makeuseof.com/wp-content/uploads/2017/05/Mothers-Day-Tech-Gifts-Featured-670x335.jpg');"">
      <a href=""https://www.makeuseof.com/tag/mothers-day-gift-gadgets/"">Need a Mother’s Day Gift? These 10 Gadgets Are Perfect Choices!</a>
    </div>"
"<h1 itemprop=""headline"" class=""article-card-title"">
            <a href=""https://www.makeuseof.com/tag/best-digital-photo-frame/"">
              The 6 Best Digital Photo Frames            </a>
          </h1>","<div class=""article-card-image-overlay"" style=""background-image: url('https://static.makeuseof.com/wp-content/uploads/2019/05/best-digital-photo-frames-670x335.jpg');"">
      <a href=""https://www.makeuseof.com/tag/best-digital-photo-frame/"">The 6 Best Digital Photo Frames</a>
    </div>"
"<h1 itemprop=""headline"" class=""article-card-title"">
            <a href=""https://www.makeuseof.com/tag/best-360-degree-cameras/"">
              The 6 Best 360-Degree Cameras of 2019            </a>
          </h1>","<div class=""article-card-image-overlay"" style=""background-image: url('https://static.makeuseof.com/wp-content/uploads/2019/05/best-360-camera-670x335.jpg');"">
      <a href=""https://www.makeuseof.com/tag/best-360-degree-cameras/"">The 6 Best 360-Degree Cameras of 2019</a>
    </div>"
"<h1 itemprop=""headline"" class=""article-card-title"">
            <a href=""https://www.makeuseof.com/tag/anti-theft-laptop-bags/"">
              The 10 Best Anti-Theft Laptop Bags            </a>
          </h1>","<div class=""article-card-image-overlay"" style=""background-image: url('https://static.makeuseof.com/wp-content/uploads/2019/05/anti-theft-backpacks-670x335.jpg');"">
      <a href=""https://www.makeuseof.com/tag/anti-theft-laptop-bags/"">The 10 Best Anti-Theft Laptop Bags</a>
    </div>"
"<h1 itemprop=""headline"" class=""article-card-title"">
            <a href=""https://www.makeuseof.com/tag/unique-smart-lighting-products/"">
              The 6 Most Unique Smart Lighting Products for Your Home            </a>
          </h1>","<div class=""article-card-image-overlay"" style=""background-image: url('https://static.makeuseof.com/wp-content/uploads/2017/04/Nanoleaf-Aurora-Lighting-Featured-670x335.jpg');"">
      <a href=""https://www.makeuseof.com/tag/unique-smart-lighting-products/"">The 6 Most Unique Smart Lighting Products for Your Home</a>
    </div>"
"<h1 itemprop=""headline"" class=""article-card-title"">
            <a href=""https://www.makeuseof.com/tag/bike-riding-gadgets/"">
              10 Essential Gadgets for Bike Riders and Cyclists            </a>
          </h1>","<div class=""article-card-image-overlay"" style=""background-image: url('https://static.makeuseof.com/wp-content/uploads/2019/04/cyclists-essential-gadgets-670x335.jpg');"">
      <a href=""https://www.makeuseof.com/tag/bike-riding-gadgets/"">10 Essential Gadgets for Bike Riders and Cyclists</a>
    </div>"
"<h1 itemprop=""headline"" class=""article-card-title"">
            <a href=""https://www.makeuseof.com/tag/best-cameras-for-photography-beginners/"">
              The Best Cameras for Photography Beginners in 2019            </a>
          </h1>","<div class=""article-card-image-overlay"" style=""background-image: url('https://static.makeuseof.com/wp-content/uploads/2019/04/best-cameras-beginners-670x335.jpg');"">
      <a href=""https://www.makeuseof.com/tag/best-cameras-for-photography-beginners/"">The Best Cameras for Photography Beginners in 2019</a>
    </div>"
"<h1 itemprop=""headline"" class=""article-card-title"">
            <a href=""https://www.makeuseof.com/tag/best-smartphones-with-keyboards/"">
              The 5 Best Smartphones With Physical Keyboards            </a>
          </h1>","<div class=""article-card-image-overlay"" style=""background-image: url('https://static.makeuseof.com/wp-content/uploads/2019/04/best-smartphones-physical-keyboard-670x335.jpg');"">
      <a href=""https://www.makeuseof.com/tag/best-smartphones-with-keyboards/"">The 5 Best Smartphones With Physical Keyboards</a>
    </div>"
"<h1 itemprop=""headline"" class=""article-card-title"">
            <a href=""https://www.makeuseof.com/tag/ipad-buying-guide/"">
              Which iPad Should You Buy? Find the Best iPad for You            </a>
          </h1>","<div class=""article-card-image-overlay"" style=""background-image: url('https://static.makeuseof.com/wp-content/uploads/2016/04/which-ipad-670x335.jpg');"">
      <a href=""https://www.makeuseof.com/tag/ipad-buying-guide/"">Which iPad Should You Buy? Find the Best iPad for You</a>
    </div>"
"<h1 itemprop=""headline"" class=""article-card-title"">
            <a href=""https://www.makeuseof.com/tag/best-wireless-lavalier-microphone/"">
              The 6 Best Wireless Lavalier Microphones            </a>
          </h1>","<div class=""article-card-image-overlay"" style=""background-image: url('https://static.makeuseof.com/wp-content/uploads/2019/04/lavalier-mics-670x335.jpg');"">
      <a href=""https://www.makeuseof.com/tag/best-wireless-lavalier-microphone/"">The 6 Best Wireless Lavalier Microphones</a>
    </div>"
"<h1 itemprop=""headline"" class=""article-card-title"">
            <a href=""https://www.makeuseof.com/tag/best-pet-cameras/"">
              The 7 Best Pet Cameras to Monitor Your Pet’s Behavior            </a>
          </h1>","<div class=""article-card-image-overlay"" style=""background-image: url('https://static.makeuseof.com/wp-content/uploads/2019/04/best-pet-cameras-670x335.jpg');"">
      <a href=""https://www.makeuseof.com/tag/best-pet-cameras/"">The 7 Best Pet Cameras to Monitor Your Pet’s Behavior</a>
    </div>"
"<h1 itemprop=""headline"" class=""article-card-title"">
            <a href=""https://www.makeuseof.com/tag/best-airpods-alternatives/"">
              The 5 Best Airpods Alternatives            </a>
          </h1>","<div class=""article-card-image-overlay"" style=""background-image: url('https://static.makeuseof.com/wp-content/uploads/2017/01/airpods-alternatives-670x335.jpg');"">
      <a href=""https://www.makeuseof.com/tag/best-airpods-alternatives/"">The 5 Best Airpods Alternatives</a>
    </div>"
"<h1 itemprop=""headline"" class=""article-card-title"">
            <a href=""https://www.makeuseof.com/tag/best-wifi-usb-adapters/"">
              The 7 Best Wi-Fi USB Adapters            </a>
          </h1>","<div class=""article-card-image-overlay"" style=""background-image: url('https://static.makeuseof.com/wp-content/uploads/2019/04/wifi-usb-adapters-670x335.jpg');"">
      <a href=""https://www.makeuseof.com/tag/best-wifi-usb-adapters/"">The 7 Best Wi-Fi USB Adapters</a>
    </div>"
"<h1 itemprop=""headline"" class=""article-card-title"">
            <a href=""https://www.makeuseof.com/tag/best-gimbal-for-iphone/"">
              The 5 Best Gimbals for the iPhone            </a>
          </h1>","<div class=""article-card-image-overlay"" style=""background-image: url('https://static.makeuseof.com/wp-content/uploads/2019/04/best-gimbal-iphone-670x335.jpg');"">
      <a href=""https://www.makeuseof.com/tag/best-gimbal-for-iphone/"">The 5 Best Gimbals for the iPhone</a>
    </div>"
"<h1 itemprop=""headline"" class=""article-card-title"">
            <a href=""https://www.makeuseof.com/tag/best-prebuilt-diy-nas-solutions-plex-server/"">
              The Best Prebuilt, DIY, and NAS Solutions for a Plex Server            </a>
          </h1>","<div class=""article-card-image-overlay"" style=""background-image: url('https://static.makeuseof.com/wp-content/uploads/2016/12/best-solutions-plex-670x335.jpg');"">
      <a href=""https://www.makeuseof.com/tag/best-prebuilt-diy-nas-solutions-plex-server/"">The Best Prebuilt, DIY, and NAS Solutions for a Plex Server</a>
    </div>"
"<h1 itemprop=""headline"" class=""article-card-title"">
            <a href=""https://www.makeuseof.com/tag/best-microcontroller-boards/"">
              The 6 Best Microcontroller Boards for All Levels            </a>
          </h1>","<div class=""article-card-image-overlay"" style=""background-image: url('https://static.makeuseof.com/wp-content/uploads/2019/04/best-microcontroller-boards-670x335.jpg');"">
      <a href=""https://www.makeuseof.com/tag/best-microcontroller-boards/"">The 6 Best Microcontroller Boards for All Levels</a>
    </div>"
"<h1 itemprop=""headline"" class=""article-card-title"">
            <a href=""https://www.makeuseof.com/tag/best-iptv-box/"">
              The Best IPTV Set Top Boxes in 2019            </a>
          </h1>","<div class=""article-card-image-overlay"" style=""background-image: url('https://static.makeuseof.com/wp-content/uploads/2019/04/best-tv-setbox-670x335.jpg');"">
      <a href=""https://www.makeuseof.com/tag/best-iptv-box/"">The Best IPTV Set Top Boxes in 2019</a>
    </div>"
"<h1 itemprop=""headline"" class=""article-card-title"">
            <a href=""https://www.makeuseof.com/tag/best-computer-for-music-production/"">
              The 8 Best Computers for Music Production            </a>
          </h1>","<div class=""article-card-image-overlay"" style=""background-image: url('https://static.makeuseof.com/wp-content/uploads/2019/04/best-laptop-music-productions-670x335.jpg');"">
      <a href=""https://www.makeuseof.com/tag/best-computer-for-music-production/"">The 8 Best Computers for Music Production</a>
    </div>"
"<h1 itemprop=""headline"" class=""article-card-title"">
            <a href=""https://www.makeuseof.com/tag/best-ddr4-ram/"">
              The Best DDR4 RAM to Improve Your PC’s Performance            </a>
          </h1>","<div class=""article-card-image-overlay"" style=""background-image: url('https://static.makeuseof.com/wp-content/uploads/2019/04/best-ddr4-ram-670x335.jpg');"">
      <a href=""https://www.makeuseof.com/tag/best-ddr4-ram/"">The Best DDR4 RAM to Improve Your PC’s Performance</a>
    </div>"
"<h1 itemprop=""headline"" class=""article-card-title"">
            <a href=""https://www.makeuseof.com/tag/best-vertical-mice/"">
              The 7 Best Ergonomic Vertical Mice            </a>
          </h1>","<div class=""article-card-image-overlay"" style=""background-image: url('https://static.makeuseof.com/wp-content/uploads/2019/04/ergonomic-vertical-mice-670x335.jpg');"">
      <a href=""https://www.makeuseof.com/tag/best-vertical-mice/"">The 7 Best Ergonomic Vertical Mice</a>
    </div>"
"<h1 itemprop=""headline"" class=""article-card-title"">
            <a href=""https://www.makeuseof.com/tag/best-cheap-smartwatch/"">
              The 6 Best Cheap Smartwatches for Fitness and Notifications            </a>
          </h1>","<div class=""article-card-image-overlay"" style=""background-image: url('https://static.makeuseof.com/wp-content/uploads/2019/04/best-cheap-smartwatches-670x335.jpg');"">
      <a href=""https://www.makeuseof.com/tag/best-cheap-smartwatch/"">The 6 Best Cheap Smartwatches for Fitness and Notifications</a>
    </div>"
"<h1 itemprop=""headline"" class=""article-card-title"">
            <a href=""https://www.makeuseof.com/tag/best-usb-fingerprint-scanners/"">
              The 6 Best USB Fingerprint Scanners for PCs and Laptops            </a>
          </h1>","<div class=""article-card-image-overlay"" style=""background-image: url('https://static.makeuseof.com/wp-content/uploads/2019/04/best-usb-scanners-670x335.jpg');"">
      <a href=""https://www.makeuseof.com/tag/best-usb-fingerprint-scanners/"">The 6 Best USB Fingerprint Scanners for PCs and Laptops</a>
    </div>"
